epoch,subset,metric,score
0,train,auroc,0.520396278301942
0,valid,auroc,0.5066880096348393
1,train,auroc,0.48876000920182405
1,valid,auroc,0.5048420019852478
2,train,auroc,0.489762263494412
2,valid,auroc,0.4914302755302786
3,train,auroc,0.5061176667178021
3,valid,auroc,0.48258548013065605
4,train,auroc,0.5023761306021215
4,valid,auroc,0.47793439495520273
5,train,auroc,0.4993374133744578
5,valid,auroc,0.4739775364123573
6,train,auroc,0.5087464585000435
6,valid,auroc,0.4732752352906133
7,train,auroc,0.5346521778657555
7,valid,auroc,0.481415935237573
8,train,auroc,0.5654858109184606
8,valid,auroc,0.49542068806131156
9,train,auroc,0.5729543043795204
9,valid,auroc,0.5026439466093247
10,train,auroc,0.6075903121869262
10,valid,auroc,0.5096127690330063
11,train,auroc,0.5816677637445817
11,valid,auroc,0.5039934628935955
12,train,auroc,0.6063964925311047
12,valid,auroc,0.50432702901146
13,train,auroc,0.6204243878427393
13,valid,auroc,0.5031913969727484
14,train,auroc,0.6172920417980898
14,valid,auroc,0.507690861185536
15,train,auroc,0.6193454302514981
15,valid,auroc,0.5163675277780368
16,train,auroc,0.6016715725487831
16,valid,auroc,0.4970495816696895
17,train,auroc,0.6224551928647544
17,valid,auroc,0.4984522101491663
18,train,auroc,0.6446168204097383
18,valid,auroc,0.5073813391019877
19,train,auroc,0.6234334974685339
19,valid,auroc,0.504508794733567
20,train,auroc,0.6204389505394241
20,valid,auroc,0.4805697287761156
21,train,auroc,0.6388463438115741
21,valid,auroc,0.48232045745390184
22,train,auroc,0.6474712696961276
22,valid,auroc,0.5310062177155009
23,train,auroc,0.6463401371452409
23,valid,auroc,0.5089535318533213
24,train,auroc,0.6648369157995808
24,valid,auroc,0.48577795370195587
25,train,auroc,0.6617248868063768
25,valid,auroc,0.4636791535351549
26,train,auroc,0.6649069003264745
26,valid,auroc,0.4984554399448208
27,train,auroc,0.6493055747545977
27,valid,auroc,0.5074893578233187
28,train,auroc,0.680029473226434
28,valid,auroc,0.5072740381130243
29,train,auroc,0.6783572062974115
29,valid,auroc,0.4826143688584538
30,train,auroc,0.6833116414518771
30,valid,auroc,0.4924264880565745
31,train,auroc,0.687369683153011
31,valid,auroc,0.5379814997304915
32,train,auroc,0.6906052539637859
32,valid,auroc,0.48722723478532987
33,train,auroc,0.6817133935275275
33,valid,auroc,0.4833502239683853
34,train,auroc,0.640354499114601
34,valid,auroc,0.4953234353254952
35,train,auroc,0.6540448806238209
35,valid,auroc,0.5018332679000658
36,train,auroc,0.6625902581795742
36,valid,auroc,0.5122206495908567
37,train,auroc,0.6679954939866029
37,valid,auroc,0.464025818268729
38,train,auroc,0.6663944492529561
38,valid,auroc,0.487618757791882
39,train,auroc,0.6931212732516117
39,valid,auroc,0.48414044730516614
40,train,auroc,0.6926388879423314
40,valid,auroc,0.5002991149642174
41,train,auroc,0.7032108753061541
41,valid,auroc,0.5236374389299472
42,train,auroc,0.6988966040820042
42,valid,auroc,0.5393907672343691
43,train,auroc,0.7093572977241429
43,valid,auroc,0.5222642374775439
44,train,auroc,0.7152701222713589
44,valid,auroc,0.5282538935186614
45,train,auroc,0.7184758925968651
45,valid,auroc,0.5300139527172272
46,train,auroc,0.7279894323042918
46,valid,auroc,0.5514296511031187
47,train,auroc,0.7110304969229311
47,valid,auroc,0.5258258049189071
48,train,auroc,0.734701935353457
48,valid,auroc,0.5409426840463167
49,train,auroc,0.7346237532820717
49,valid,auroc,0.5618247484168618
50,train,auroc,0.7114151546429799
50,valid,auroc,0.5853460941363419
51,train,auroc,0.6942911432186248
51,valid,auroc,0.5589139847998639
52,train,auroc,0.7022543665265519
52,valid,auroc,0.5721507639902188
53,train,auroc,0.7199670741607097
53,valid,auroc,0.5335053618196526
54,train,auroc,0.7173090766170155
54,valid,auroc,0.5318140254952891
55,train,auroc,0.736029326763639
55,valid,auroc,0.5377832261639286
56,train,auroc,0.7330337350494469
56,valid,auroc,0.5311194399964975
57,train,auroc,0.710541730387841
57,valid,auroc,0.5059910915058528
58,train,auroc,0.7149445833133485
58,valid,auroc,0.47544978493149603
59,train,auroc,0.7162054942450666
59,valid,auroc,0.506421372060258
60,train,auroc,0.7136608317723709
60,valid,auroc,0.49241661923651936
61,train,auroc,0.7380859620876105
61,valid,auroc,0.5095867512346791
62,train,auroc,0.7432228810119024
62,valid,auroc,0.47308898374120867
63,train,auroc,0.7372198674016639
63,valid,auroc,0.5272594753232847
64,train,auroc,0.7489375017922083
64,valid,auroc,0.49729953196672305
65,train,auroc,0.7582204333215588
65,valid,auroc,0.5035579787795248
66,train,auroc,0.7570829034712454
66,valid,auroc,0.5238122067614696
67,train,auroc,0.7534201762979993
67,valid,auroc,0.4988844644675825
68,train,auroc,0.7569510998147162
68,valid,auroc,0.5173380813721895
69,train,auroc,0.7696716635897478
69,valid,auroc,0.5274189913419944
70,train,auroc,0.7500030539871635
70,valid,auroc,0.5322452032151539
71,train,auroc,0.7476108336947754
71,valid,auroc,0.5225995979263276
72,train,auroc,0.7265322946605116
72,valid,auroc,0.5111695305384357
73,train,auroc,0.734348508670559
73,valid,auroc,0.5067079267080414
74,train,auroc,0.7409263148121978
74,valid,auroc,0.5286206547585297
75,train,auroc,0.7474623295505469
75,valid,auroc,0.4745431095180643
76,train,auroc,0.7608482606868012
76,valid,auroc,0.4910339078302448
77,train,auroc,0.735650326956651
77,valid,auroc,0.5548971956043199
78,train,auroc,0.7358526777166565
78,valid,auroc,0.562679567666731
79,train,auroc,0.7307297749860835
79,valid,auroc,0.5466888493817095
80,train,auroc,0.7209806442794191
80,valid,auroc,0.5387232761324561
81,train,auroc,0.7483132185951428
81,valid,auroc,0.48830688369936487
82,train,auroc,0.7610205859309048
82,valid,auroc,0.5094772970486128
83,train,auroc,0.7347553479815844
83,valid,auroc,0.5267132809915043
84,train,auroc,0.7479838701899864
84,valid,auroc,0.5093920663299545
85,train,auroc,0.7382353181335214
85,valid,auroc,0.5333718635992699
86,train,auroc,0.7278385653384158
86,valid,auroc,0.5558774385854357
87,train,auroc,0.7508719615560239
87,valid,auroc,0.5544654795851794
88,train,auroc,0.7354486673621614
88,valid,auroc,0.5299951122425763
89,train,auroc,0.7357239923417576
89,valid,auroc,0.5352212804776079
90,train,auroc,0.7564416304613809
90,valid,auroc,0.5282641212049004
91,train,auroc,0.7396004182483641
91,valid,auroc,0.5365485470584815
92,train,auroc,0.7450817465566134
92,valid,auroc,0.5140156982423452
93,train,auroc,0.7329737000912596
93,valid,auroc,0.4981931087644452
94,train,auroc,0.7205517037454999
94,valid,auroc,0.5219453848732161
95,train,auroc,0.7494521629237214
95,valid,auroc,0.5305370001801508
96,train,auroc,0.7280693342526584
96,valid,auroc,0.5574731370718098
97,train,auroc,0.704268229956618
97,valid,auroc,0.4625724102242411
98,train,auroc,0.6661049473434748
98,valid,auroc,0.47393124267464404
99,train,auroc,0.6268852423496335
99,valid,auroc,0.5147869016713834
100,train,auroc,0.6326581621375287
100,valid,auroc,0.512787478728207
101,train,auroc,0.6325135638821462
101,valid,auroc,0.5041650009294634
102,train,auroc,0.6259479415419279
102,valid,auroc,0.5269964264105415
103,train,auroc,0.6363732089329703
103,valid,auroc,0.4897567030820146
104,train,auroc,0.6539540325425156
104,valid,auroc,0.47974846351443395
105,train,auroc,0.6486162737781833
105,valid,auroc,0.524260430625066
106,train,auroc,0.6127295135647822
106,valid,auroc,0.45834819637444674
107,train,auroc,0.5937934751146339
107,valid,auroc,0.5844636421903182
108,train,auroc,0.5722586221772961
108,valid,auroc,0.46310550594031197
109,train,auroc,0.5940403015719096
109,valid,auroc,0.563987814339862
110,train,auroc,0.5846679525131356
110,valid,auroc,0.5942529733857661
111,train,auroc,0.5830668434850224
111,valid,auroc,0.4364553853971608
112,train,auroc,0.5898741487251886
112,valid,auroc,0.46405237436633207
113,train,auroc,0.6001503976162698
113,valid,auroc,0.4627617121362084
114,train,auroc,0.6043660572022727
114,valid,auroc,0.46320473244013927
115,train,auroc,0.5815433860989447
115,valid,auroc,0.5127602048982364
116,train,auroc,0.5467136269164412
116,valid,auroc,0.4761269654203722
117,train,auroc,0.5550979146861292
117,valid,auroc,0.48490160248105724
118,train,auroc,0.5641969318937716
118,valid,auroc,0.470861501338212
119,train,auroc,0.5646605592924214
119,valid,auroc,0.4225514739710768
120,train,auroc,0.5195029870566238
120,valid,auroc,0.5837215069221698
121,train,auroc,0.5428302732810585
121,valid,auroc,0.5874700436453052
122,train,auroc,0.5571261157822469
122,valid,auroc,0.5832422411336726
123,train,auroc,0.5610813184840547
123,valid,auroc,0.582955865918981
124,train,auroc,0.558517415892229
124,valid,auroc,0.5050397372525348
125,train,auroc,0.5660474230842081
125,valid,auroc,0.5547161476145805
126,train,auroc,0.5541366963368485
126,valid,auroc,0.5827391107439512
127,train,auroc,0.5596592052509548
127,valid,auroc,0.5701969170523878
128,train,auroc,0.5575809830598226
128,valid,auroc,0.5654460670778316
129,train,auroc,0.5532370077921036
129,valid,auroc,0.5513334749658538
130,train,auroc,0.5632407767337357
130,valid,auroc,0.4863851552849864
131,train,auroc,0.5595170662589197
131,valid,auroc,0.5462171197830725
132,train,auroc,0.5523223868574909
132,valid,auroc,0.544156869021738
133,train,auroc,0.5653483332752539
133,valid,auroc,0.526715613621699
134,train,auroc,0.5608972273525634
134,valid,auroc,0.5120553917132057
135,train,auroc,0.558487342155477
135,valid,auroc,0.5255984631914544
136,train,auroc,0.5508492720387608
136,valid,auroc,0.5358606005840907
137,train,auroc,0.5504040810784085
137,valid,auroc,0.540036188065977
138,train,auroc,0.5400060584675876
138,valid,auroc,0.554009001799355
139,train,auroc,0.5444455913862903
139,valid,auroc,0.5280441362342162
140,train,auroc,0.5772025934073226
140,valid,auroc,0.46002948444566305
141,train,auroc,0.5267927901213867
141,valid,auroc,0.4316200224363138
142,train,auroc,0.5303561501965033
142,valid,auroc,0.4559918810114572
143,train,auroc,0.5179600162999332
143,valid,auroc,0.4518505652501261
144,train,auroc,0.5547228850624537
144,valid,auroc,0.474884570691973
145,train,auroc,0.5339981102570377
145,valid,auroc,0.46305059941418686
146,train,auroc,0.48958373383428155
146,valid,auroc,0.5314912253629394
147,train,auroc,0.5042399789679941
147,valid,auroc,0.5419746037579032
148,train,auroc,0.5061184221777848
148,valid,auroc,0.5081207828737573
149,train,auroc,0.5003572039828108
149,valid,auroc,0.5373018071783284
150,train,auroc,0.5100115967929406
150,valid,auroc,0.5187442985135045
151,train,auroc,0.5076170458261382
151,valid,auroc,0.5383916837786025
152,train,auroc,0.5217626000116502
152,valid,auroc,0.5427964073188605
153,train,auroc,0.510167768052311
153,valid,auroc,0.536600582655136
154,train,auroc,0.5290905618423399
154,valid,auroc,0.5173626637057813
155,train,auroc,0.5242617902228434
155,valid,auroc,0.5024851483229824
156,train,auroc,0.5309221183123628
156,valid,auroc,0.5057140468119404
157,train,auroc,0.5030885775865117
157,valid,auroc,0.4990454159510277
158,train,auroc,0.500108078998354
158,valid,auroc,0.5231795256793875
159,train,auroc,0.5099379474814507
159,valid,auroc,0.5181257926456835
160,train,auroc,0.5193083677062268
160,valid,auroc,0.5230060138795086
161,train,auroc,0.5155192215380291
161,valid,auroc,0.5171782064872957
162,train,auroc,0.5514838584240989
162,valid,auroc,0.5180405619270252
163,train,auroc,0.5385013589921406
163,valid,auroc,0.5055173881432048
164,train,auroc,0.5409179468873698
164,valid,auroc,0.5267145370231476
165,train,auroc,0.5353644480403625
165,valid,auroc,0.5305461512678382
166,train,auroc,0.537813167095275
166,valid,auroc,0.5067958489230784
167,train,auroc,0.5323729711720327
167,valid,auroc,0.49155175173350313
168,train,auroc,0.49563582019615215
168,valid,auroc,0.4940499986721951
169,train,auroc,0.5055148257253477
169,valid,auroc,0.4914236365058779
170,train,auroc,0.4917655022638724
170,valid,auroc,0.4988914623581671
171,train,auroc,0.4851622194398435
171,valid,auroc,0.4961549282734158
172,train,auroc,0.4795165062541156
172,valid,auroc,0.5040472928211691
173,train,auroc,0.48486633630455206
173,valid,auroc,0.4988390678953287
174,train,auroc,0.48651611624388125
174,valid,auroc,0.49726956664037375
175,train,auroc,0.5129042691397233
175,valid,auroc,0.5065792731811406
176,train,auroc,0.49283205102306005
176,valid,auroc,0.5107044399641995
177,train,auroc,0.48076394749508117
177,valid,auroc,0.5073476056807081
178,train,auroc,0.49513525562644095
178,valid,auroc,0.4632373892628673
179,train,auroc,0.495101324221693
179,valid,auroc,0.48861174052252354
180,train,auroc,0.48630199959648795
180,valid,auroc,0.5110904005449024
181,train,auroc,0.4967350787652222
181,valid,auroc,0.5255952333958
182,train,auroc,0.48528789904842906
182,valid,auroc,0.5157145707565688
183,train,auroc,0.4893589121581994
183,valid,auroc,0.5122037828802168
184,train,auroc,0.48913015244603797
184,valid,auroc,0.519865934771047
185,train,auroc,0.5071001183146775
185,valid,auroc,0.5050829806276856
186,train,auroc,0.49517740064929694
186,valid,auroc,0.5011158943986012
187,train,auroc,0.5066817381468972
187,valid,auroc,0.5029907907759906
188,train,auroc,0.5017995378256563
188,valid,auroc,0.4922196017015999
189,train,auroc,0.4916553176217374
189,valid,auroc,0.4998383307841872
190,train,auroc,0.5032049827182903
190,valid,auroc,0.4949163016399467
191,train,auroc,0.5084432297219432
191,valid,auroc,0.5186619387243169
192,train,auroc,0.4893899824591835
192,valid,auroc,0.5038217454246356
193,train,auroc,0.49439617465926183
193,valid,auroc,0.49803502821047074
194,train,auroc,0.4711027233978751
194,valid,auroc,0.49912526367692855
195,train,auroc,0.4976669466905002
195,valid,auroc,0.4968129094214575
196,train,auroc,0.47849446533943174
196,valid,auroc,0.4919775464606105
197,train,auroc,0.5011813947501511
197,valid,auroc,0.4964454304492215
198,train,auroc,0.49518074396156014
198,valid,auroc,0.5134407946158589
199,train,auroc,0.5244801342314156
199,valid,auroc,0.4966829998629131
0,train,auprc,0.010797200075159687
0,valid,auprc,0.008287003996782961
1,train,auprc,0.010086041102822274
1,valid,auprc,0.008404929882631956
2,train,auprc,0.009520439441639434
2,valid,auprc,0.007791860781207671
3,train,auprc,0.010172926740493294
3,valid,auprc,0.007780455108313709
4,train,auprc,0.009815298103290479
4,valid,auprc,0.0077335229120124
5,train,auprc,0.01012776397177948
5,valid,auprc,0.00767802169787965
6,train,auprc,0.011113122226161728
6,valid,auprc,0.007676588794428872
7,train,auprc,0.012283607935488246
7,valid,auprc,0.008416736547783864
8,train,auprc,0.0150800467278569
8,valid,auprc,0.009231365796811873
9,train,auprc,0.016485940750622825
9,valid,auprc,0.013564818836470677
10,train,auprc,0.026647239678101658
10,valid,auprc,0.010076485191231358
11,train,auprc,0.018136481498698412
11,valid,auprc,0.012952354236573455
12,train,auprc,0.02068884405352761
12,valid,auprc,0.013861902792834236
13,train,auprc,0.024070927380975125
13,valid,auprc,0.009922631818462903
14,train,auprc,0.02620087250570649
14,valid,auprc,0.010434203982607774
15,train,auprc,0.024787299717763694
15,valid,auprc,0.011034322213897095
16,train,auprc,0.02787635631141567
16,valid,auprc,0.010886434620140762
17,train,auprc,0.02839700130723074
17,valid,auprc,0.01675871791476336
18,train,auprc,0.03224418015385401
18,valid,auprc,0.012886249378053861
19,train,auprc,0.03021791141588836
19,valid,auprc,0.010323385765887958
20,train,auprc,0.027498725166839516
20,valid,auprc,0.013191215820000943
21,train,auprc,0.027276795074554064
21,valid,auprc,0.008835868370729699
22,train,auprc,0.02452442808790826
22,valid,auprc,0.010332943412766898
23,train,auprc,0.030333947900156855
23,valid,auprc,0.009685558278687771
24,train,auprc,0.024880840338707404
24,valid,auprc,0.011377762902190842
25,train,auprc,0.031389452347069025
25,valid,auprc,0.009160957131284128
26,train,auprc,0.035516784762060286
26,valid,auprc,0.011608757549148752
27,train,auprc,0.03347244375627231
27,valid,auprc,0.011283838536389338
28,train,auprc,0.028875482232226718
28,valid,auprc,0.010677235968839694
29,train,auprc,0.034085706885920865
29,valid,auprc,0.009731618045323673
30,train,auprc,0.030957594933085312
30,valid,auprc,0.011041667400444176
31,train,auprc,0.03509543876620047
31,valid,auprc,0.012505359834436649
32,train,auprc,0.03714384102431936
32,valid,auprc,0.01288856462592688
33,train,auprc,0.030725477884475154
33,valid,auprc,0.011014630927563662
34,train,auprc,0.02997845884655465
34,valid,auprc,0.011476942175134213
35,train,auprc,0.02529671008209656
35,valid,auprc,0.010659523576044085
36,train,auprc,0.0271531410111599
36,valid,auprc,0.013211524593656479
37,train,auprc,0.028596989730619048
37,valid,auprc,0.009392697942702595
38,train,auprc,0.02492669324317042
38,valid,auprc,0.009604131121907252
39,train,auprc,0.028401204034223117
39,valid,auprc,0.011113388459959555
40,train,auprc,0.029822559708676862
40,valid,auprc,0.010682217393186567
41,train,auprc,0.03268940045204076
41,valid,auprc,0.010036525749314617
42,train,auprc,0.029269251084603837
42,valid,auprc,0.011031680453425436
43,train,auprc,0.02979739315610042
43,valid,auprc,0.0104676814452284
44,train,auprc,0.030563887809578295
44,valid,auprc,0.011232761241198468
45,train,auprc,0.035840078985388255
45,valid,auprc,0.011916596954066248
46,train,auprc,0.033478467318179314
46,valid,auprc,0.00993904058767403
47,train,auprc,0.032726475735425004
47,valid,auprc,0.013015701328509708
48,train,auprc,0.03359762793159733
48,valid,auprc,0.011104263832507365
49,train,auprc,0.03244779069622915
49,valid,auprc,0.01223932723066759
50,train,auprc,0.030092613119349708
50,valid,auprc,0.013928716655748945
51,train,auprc,0.03030155211479521
51,valid,auprc,0.013932073934579474
52,train,auprc,0.03240842421551737
52,valid,auprc,0.012131330321685532
53,train,auprc,0.03139456530232815
53,valid,auprc,0.0114946593446419
54,train,auprc,0.02859774296983268
54,valid,auprc,0.011271743150726932
55,train,auprc,0.03682726725812962
55,valid,auprc,0.011901767537327253
56,train,auprc,0.03479999592232255
56,valid,auprc,0.01153368860651771
57,train,auprc,0.02946803192593064
57,valid,auprc,0.010513065830342982
58,train,auprc,0.03374954328091653
58,valid,auprc,0.011405117073239341
59,train,auprc,0.029423939707439176
59,valid,auprc,0.010680267611797781
60,train,auprc,0.029038812322293554
60,valid,auprc,0.010479704379037218
61,train,auprc,0.03241601989778522
61,valid,auprc,0.010551864988107253
62,train,auprc,0.03278255684112828
62,valid,auprc,0.00963040064894288
63,train,auprc,0.03618627801872514
63,valid,auprc,0.010467099615251545
64,train,auprc,0.03654337712039411
64,valid,auprc,0.010366109510198285
65,train,auprc,0.03747277979747986
65,valid,auprc,0.010339659237646915
66,train,auprc,0.03502289796706606
66,valid,auprc,0.012253019791025721
67,train,auprc,0.03496121265690404
67,valid,auprc,0.010708850606875606
68,train,auprc,0.04005239980734801
68,valid,auprc,0.011339127633107196
69,train,auprc,0.03593476029080779
69,valid,auprc,0.012080397656408132
70,train,auprc,0.0388192958043473
70,valid,auprc,0.011835295203615972
71,train,auprc,0.03593524328739516
71,valid,auprc,0.011098846755749094
72,train,auprc,0.03375157754648203
72,valid,auprc,0.011107686338438665
73,train,auprc,0.035564071907380215
73,valid,auprc,0.011481737148779501
74,train,auprc,0.036037164633730176
74,valid,auprc,0.015775939559061203
75,train,auprc,0.033714742388251825
75,valid,auprc,0.010492272440017618
76,train,auprc,0.03609987610986522
76,valid,auprc,0.010322021655148741
77,train,auprc,0.03206351571462561
77,valid,auprc,0.011745499752314655
78,train,auprc,0.035479129055576604
78,valid,auprc,0.012301214440200273
79,train,auprc,0.03485052496998656
79,valid,auprc,0.012563748987591453
80,train,auprc,0.03253711223948994
80,valid,auprc,0.011645633639927499
81,train,auprc,0.03454130930367298
81,valid,auprc,0.012122273626753496
82,train,auprc,0.036655951774423254
82,valid,auprc,0.01245255003324455
83,train,auprc,0.03208453747499577
83,valid,auprc,0.011304573505576466
84,train,auprc,0.0336172843003098
84,valid,auprc,0.01072474839302907
85,train,auprc,0.03551789401995028
85,valid,auprc,0.010738084184880033
86,train,auprc,0.03192355665062939
86,valid,auprc,0.012455342033840765
87,train,auprc,0.04105909157463773
87,valid,auprc,0.011620535496207042
88,train,auprc,0.03849832973143669
88,valid,auprc,0.013340239319766637
89,train,auprc,0.03613845511651418
89,valid,auprc,0.013757392928368492
90,train,auprc,0.04333397170246203
90,valid,auprc,0.01243947323061477
91,train,auprc,0.04052092261133513
91,valid,auprc,0.014055652394861593
92,train,auprc,0.034266425070856685
92,valid,auprc,0.014066154660361256
93,train,auprc,0.03512691550461419
93,valid,auprc,0.011160792292282357
94,train,auprc,0.03332784829797801
94,valid,auprc,0.01761138436503238
95,train,auprc,0.033775185400261545
95,valid,auprc,0.013252553851636076
96,train,auprc,0.029077328999874336
96,valid,auprc,0.012373804086072693
97,train,auprc,0.030838811920468424
97,valid,auprc,0.010390007791018188
98,train,auprc,0.02533619300421465
98,valid,auprc,0.007444666676447538
99,train,auprc,0.01393731321050046
99,valid,auprc,0.009089923999642202
100,train,auprc,0.01481640647465833
100,valid,auprc,0.00888250159303283
101,train,auprc,0.016881272555137026
101,valid,auprc,0.00982024183766882
102,train,auprc,0.01396114735673027
102,valid,auprc,0.01100654704787657
103,train,auprc,0.014789646617594413
103,valid,auprc,0.008997018663155694
104,train,auprc,0.016588238506810696
104,valid,auprc,0.009393100015838929
105,train,auprc,0.016081104966758256
105,valid,auprc,0.009329518357569226
106,train,auprc,0.015433892033382647
106,valid,auprc,0.009893346280608829
107,train,auprc,0.01503282632958454
107,valid,auprc,0.010637905194686378
108,train,auprc,0.014928268307360649
108,valid,auprc,0.007896953771414191
109,train,auprc,0.015078764954768495
109,valid,auprc,0.00996036951069289
110,train,auprc,0.014853912334426116
110,valid,auprc,0.010778101557413097
111,train,auprc,0.014349354029200352
111,valid,auprc,0.008140399272029942
112,train,auprc,0.01521975230301741
112,valid,auprc,0.008553400182832788
113,train,auprc,0.014435526780851807
113,valid,auprc,0.008392202372305327
114,train,auprc,0.015505096619796911
114,valid,auprc,0.009141398009762082
115,train,auprc,0.014950149508529983
115,valid,auprc,0.009531054027981448
116,train,auprc,0.014096171707585247
116,valid,auprc,0.009611165267044686
117,train,auprc,0.013079008191015698
117,valid,auprc,0.009860213455529974
118,train,auprc,0.01398393680402097
118,valid,auprc,0.008301074443056718
119,train,auprc,0.01580382443473536
119,valid,auprc,0.006877112022998115
120,train,auprc,0.012545182835947811
120,valid,auprc,0.009893914817999646
121,train,auprc,0.013073398795763566
121,valid,auprc,0.010163187078299609
122,train,auprc,0.013700088764752406
122,valid,auprc,0.010241003896561653
123,train,auprc,0.012859032189867193
123,valid,auprc,0.01075049523317937
124,train,auprc,0.012676317283801492
124,valid,auprc,0.009279278666615683
125,train,auprc,0.012764750112347654
125,valid,auprc,0.009062591836190459
126,train,auprc,0.012536734624294315
126,valid,auprc,0.01088275427371987
127,train,auprc,0.012820064397483094
127,valid,auprc,0.010452994520791235
128,train,auprc,0.012811371160329604
128,valid,auprc,0.010088730866664173
129,train,auprc,0.012586225015654352
129,valid,auprc,0.009675177088103174
130,train,auprc,0.013651990940454469
130,valid,auprc,0.009184618645870933
131,train,auprc,0.013037360726851266
131,valid,auprc,0.010887640417008671
132,train,auprc,0.013410196087568715
132,valid,auprc,0.01021532215307209
133,train,auprc,0.013082909988601385
133,valid,auprc,0.010360072735852524
134,train,auprc,0.013541716303261304
134,valid,auprc,0.008751888750238272
135,train,auprc,0.013707469566986121
135,valid,auprc,0.008253576474861626
136,train,auprc,0.012997956090591336
136,valid,auprc,0.009111826297549424
137,train,auprc,0.014776482238340003
137,valid,auprc,0.009028247632016258
138,train,auprc,0.013064474898405242
138,valid,auprc,0.00898225551998675
139,train,auprc,0.013013268849779512
139,valid,auprc,0.008891949335948938
140,train,auprc,0.01418737043697
140,valid,auprc,0.008599641223797916
141,train,auprc,0.011818984298118472
141,valid,auprc,0.006894215581328517
142,train,auprc,0.011342286841573837
142,valid,auprc,0.007175091193492695
143,train,auprc,0.01048208794014686
143,valid,auprc,0.007001662435072106
144,train,auprc,0.012368661846987365
144,valid,auprc,0.007630408731864594
145,train,auprc,0.011340522231384095
145,valid,auprc,0.007549704093684336
146,train,auprc,0.010232858937843793
146,valid,auprc,0.00875335524450843
147,train,auprc,0.010581684750702591
147,valid,auprc,0.008805583365090306
148,train,auprc,0.010182876080245349
148,valid,auprc,0.009024238292378278
149,train,auprc,0.010630707898324671
149,valid,auprc,0.009701041974249184
150,train,auprc,0.010217789833019611
150,valid,auprc,0.00909130990165984
151,train,auprc,0.010507966865715309
151,valid,auprc,0.008769339642495065
152,train,auprc,0.010923833704979529
152,valid,auprc,0.008967228453131875
153,train,auprc,0.010995435613784996
153,valid,auprc,0.008926246137098214
154,train,auprc,0.011772286391462067
154,valid,auprc,0.00844160667412926
155,train,auprc,0.011501212857742579
155,valid,auprc,0.008223039920220679
156,train,auprc,0.01129123159948388
156,valid,auprc,0.008132170923948256
157,train,auprc,0.010967630641680515
157,valid,auprc,0.00820408692605486
158,train,auprc,0.010337197911374293
158,valid,auprc,0.008624757345484443
159,train,auprc,0.010763902515808842
159,valid,auprc,0.008297623618430224
160,train,auprc,0.01112610662302831
160,valid,auprc,0.008555724569931237
161,train,auprc,0.011571174310994255
161,valid,auprc,0.008974372640326408
162,train,auprc,0.012314072131248296
162,valid,auprc,0.009039302279388182
163,train,auprc,0.012526001822211339
163,valid,auprc,0.009019611078590981
164,train,auprc,0.011961079355126915
164,valid,auprc,0.009796163841603964
165,train,auprc,0.012035180213718851
165,valid,auprc,0.009843233056156689
166,train,auprc,0.012018280558044249
166,valid,auprc,0.008953333151804804
167,train,auprc,0.011712885902932502
167,valid,auprc,0.008667276664397773
168,train,auprc,0.010805220589232905
168,valid,auprc,0.009448194345177869
169,train,auprc,0.01075135929661775
169,valid,auprc,0.009295970235233857
170,train,auprc,0.010014999895763783
170,valid,auprc,0.009236893337332405
171,train,auprc,0.009511484333516913
171,valid,auprc,0.00936459091243324
172,train,auprc,0.009614759043333566
172,valid,auprc,0.009378696070917153
173,train,auprc,0.009858409723972445
173,valid,auprc,0.009401458222486586
174,train,auprc,0.010210471969803216
174,valid,auprc,0.009302982563229784
175,train,auprc,0.011334613939805855
175,valid,auprc,0.009395369149394525
176,train,auprc,0.00992344886856936
176,valid,auprc,0.00956895741371877
177,train,auprc,0.009287762480093201
177,valid,auprc,0.009471313458335977
178,train,auprc,0.009936105719236674
178,valid,auprc,0.007473661122838827
179,train,auprc,0.009936527049635335
179,valid,auprc,0.009028513063130931
180,train,auprc,0.010298387768234978
180,valid,auprc,0.009471261830998418
181,train,auprc,0.009836975721455678
181,valid,auprc,0.009713468981413868
182,train,auprc,0.010109960664214308
182,valid,auprc,0.009717346649091203
183,train,auprc,0.009792091247859272
183,valid,auprc,0.009713703263572182
184,train,auprc,0.010115283344091727
184,valid,auprc,0.009336959640136325
185,train,auprc,0.010199036811962894
185,valid,auprc,0.009358455320324748
186,train,auprc,0.009907943297483998
186,valid,auprc,0.009230526679515886
187,train,auprc,0.010347018763208518
187,valid,auprc,0.009321632706567424
188,train,auprc,0.010211198206557205
188,valid,auprc,0.009262464137978143
189,train,auprc,0.009672373115492924
189,valid,auprc,0.009392779744037535
190,train,auprc,0.010248931401339343
190,valid,auprc,0.009326101834001257
191,train,auprc,0.010673406520239057
191,valid,auprc,0.00929761466157363
192,train,auprc,0.009983679219801717
192,valid,auprc,0.00933600247132345
193,train,auprc,0.009903245694136883
193,valid,auprc,0.009255609362957027
194,train,auprc,0.009426668392310945
194,valid,auprc,0.009553939565949236
195,train,auprc,0.01036239538623434
195,valid,auprc,0.00957163505355606
196,train,auprc,0.009305654671173108
196,valid,auprc,0.009048271650253303
197,train,auprc,0.010988471009586392
197,valid,auprc,0.008279824814367195
198,train,auprc,0.009943484259149565
198,valid,auprc,0.009166582798953812
199,train,auprc,0.010732046608295315
199,valid,auprc,0.009247422408733687
0,train,p@top{k},0.0053285968028419185
0,valid,p@top{k},0.006622516556291391
1,train,p@top{k},0.014209591474245116
1,valid,p@top{k},0.006622516556291391
2,train,p@top{k},0.0017761989342806395
2,valid,p@top{k},0.0
3,train,p@top{k},0.003552397868561279
3,valid,p@top{k},0.0
4,train,p@top{k},0.008880994671403197
4,valid,p@top{k},0.0
5,train,p@top{k},0.0053285968028419185
5,valid,p@top{k},0.0
6,train,p@top{k},0.021314387211367674
6,valid,p@top{k},0.006622516556291391
7,train,p@top{k},0.017761989342806393
7,valid,p@top{k},0.019867549668874173
8,train,p@top{k},0.021314387211367674
8,valid,p@top{k},0.026490066225165563
9,train,p@top{k},0.03197158081705151
9,valid,p@top{k},0.026490066225165563
10,train,p@top{k},0.0586145648312611
10,valid,p@top{k},0.026490066225165563
11,train,p@top{k},0.03197158081705151
11,valid,p@top{k},0.039735099337748346
12,train,p@top{k},0.04262877442273535
12,valid,p@top{k},0.052980132450331126
13,train,p@top{k},0.05150976909413854
13,valid,p@top{k},0.019867549668874173
14,train,p@top{k},0.046181172291296625
14,valid,p@top{k},0.019867549668874173
15,train,p@top{k},0.055062166962699825
15,valid,p@top{k},0.039735099337748346
16,train,p@top{k},0.0586145648312611
16,valid,p@top{k},0.046357615894039736
17,train,p@top{k},0.06039076376554174
17,valid,p@top{k},0.052980132450331126
18,train,p@top{k},0.06216696269982238
18,valid,p@top{k},0.059602649006622516
19,train,p@top{k},0.07992895204262877
19,valid,p@top{k},0.013245033112582781
20,train,p@top{k},0.055062166962699825
20,valid,p@top{k},0.026490066225165563
21,train,p@top{k},0.06216696269982238
21,valid,p@top{k},0.0
22,train,p@top{k},0.04262877442273535
22,valid,p@top{k},0.013245033112582781
23,train,p@top{k},0.055062166962699825
23,valid,p@top{k},0.0
24,train,p@top{k},0.04085257548845471
24,valid,p@top{k},0.039735099337748346
25,train,p@top{k},0.07815275310834814
25,valid,p@top{k},0.026490066225165563
26,train,p@top{k},0.08170515097690942
26,valid,p@top{k},0.039735099337748346
27,train,p@top{k},0.08348134991119005
27,valid,p@top{k},0.039735099337748346
28,train,p@top{k},0.0497335701598579
28,valid,p@top{k},0.033112582781456956
29,train,p@top{k},0.06394316163410302
29,valid,p@top{k},0.033112582781456956
30,train,p@top{k},0.0497335701598579
30,valid,p@top{k},0.046357615894039736
31,train,p@top{k},0.06927175843694494
31,valid,p@top{k},0.046357615894039736
32,train,p@top{k},0.09236234458259325
32,valid,p@top{k},0.052980132450331126
33,train,p@top{k},0.06039076376554174
33,valid,p@top{k},0.039735099337748346
34,train,p@top{k},0.07104795737122557
34,valid,p@top{k},0.033112582781456956
35,train,p@top{k},0.05150976909413854
35,valid,p@top{k},0.026490066225165563
36,train,p@top{k},0.0497335701598579
36,valid,p@top{k},0.039735099337748346
37,train,p@top{k},0.06039076376554174
37,valid,p@top{k},0.006622516556291391
38,train,p@top{k},0.055062166962699825
38,valid,p@top{k},0.026490066225165563
39,train,p@top{k},0.046181172291296625
39,valid,p@top{k},0.039735099337748346
40,train,p@top{k},0.05150976909413854
40,valid,p@top{k},0.046357615894039736
41,train,p@top{k},0.05328596802841918
41,valid,p@top{k},0.0
42,train,p@top{k},0.04262877442273535
42,valid,p@top{k},0.013245033112582781
43,train,p@top{k},0.056838365896980464
43,valid,p@top{k},0.0
44,train,p@top{k},0.05328596802841918
44,valid,p@top{k},0.026490066225165563
45,train,p@top{k},0.06039076376554174
45,valid,p@top{k},0.033112582781456956
46,train,p@top{k},0.0586145648312611
46,valid,p@top{k},0.0
47,train,p@top{k},0.04085257548845471
47,valid,p@top{k},0.039735099337748346
48,train,p@top{k},0.056838365896980464
48,valid,p@top{k},0.019867549668874173
49,train,p@top{k},0.046181172291296625
49,valid,p@top{k},0.026490066225165563
50,train,p@top{k},0.046181172291296625
50,valid,p@top{k},0.033112582781456956
51,train,p@top{k},0.06216696269982238
51,valid,p@top{k},0.039735099337748346
52,train,p@top{k},0.06571936056838366
52,valid,p@top{k},0.033112582781456956
53,train,p@top{k},0.047957371225577264
53,valid,p@top{k},0.033112582781456956
54,train,p@top{k},0.037300177619893425
54,valid,p@top{k},0.026490066225165563
55,train,p@top{k},0.07104795737122557
55,valid,p@top{k},0.026490066225165563
56,train,p@top{k},0.056838365896980464
56,valid,p@top{k},0.039735099337748346
57,train,p@top{k},0.05150976909413854
57,valid,p@top{k},0.033112582781456956
58,train,p@top{k},0.055062166962699825
58,valid,p@top{k},0.046357615894039736
59,train,p@top{k},0.05328596802841918
59,valid,p@top{k},0.026490066225165563
60,train,p@top{k},0.04085257548845471
60,valid,p@top{k},0.019867549668874173
61,train,p@top{k},0.0586145648312611
61,valid,p@top{k},0.013245033112582781
62,train,p@top{k},0.0497335701598579
62,valid,p@top{k},0.019867549668874173
63,train,p@top{k},0.06571936056838366
63,valid,p@top{k},0.013245033112582781
64,train,p@top{k},0.06394316163410302
64,valid,p@top{k},0.019867549668874173
65,train,p@top{k},0.07282415630550622
65,valid,p@top{k},0.019867549668874173
66,train,p@top{k},0.06039076376554174
66,valid,p@top{k},0.013245033112582781
67,train,p@top{k},0.06216696269982238
67,valid,p@top{k},0.026490066225165563
68,train,p@top{k},0.07104795737122557
68,valid,p@top{k},0.039735099337748346
69,train,p@top{k},0.047957371225577264
69,valid,p@top{k},0.046357615894039736
70,train,p@top{k},0.07282415630550622
70,valid,p@top{k},0.033112582781456956
71,train,p@top{k},0.06571936056838366
71,valid,p@top{k},0.026490066225165563
72,train,p@top{k},0.06927175843694494
72,valid,p@top{k},0.026490066225165563
73,train,p@top{k},0.07282415630550622
73,valid,p@top{k},0.019867549668874173
74,train,p@top{k},0.046181172291296625
74,valid,p@top{k},0.033112582781456956
75,train,p@top{k},0.056838365896980464
75,valid,p@top{k},0.033112582781456956
76,train,p@top{k},0.06927175843694494
76,valid,p@top{k},0.026490066225165563
77,train,p@top{k},0.05150976909413854
77,valid,p@top{k},0.026490066225165563
78,train,p@top{k},0.056838365896980464
78,valid,p@top{k},0.033112582781456956
79,train,p@top{k},0.06039076376554174
79,valid,p@top{k},0.039735099337748346
80,train,p@top{k},0.05328596802841918
80,valid,p@top{k},0.026490066225165563
81,train,p@top{k},0.0674955595026643
81,valid,p@top{k},0.046357615894039736
82,train,p@top{k},0.06394316163410302
82,valid,p@top{k},0.046357615894039736
83,train,p@top{k},0.047957371225577264
83,valid,p@top{k},0.026490066225165563
84,train,p@top{k},0.035523978685612786
84,valid,p@top{k},0.026490066225165563
85,train,p@top{k},0.0674955595026643
85,valid,p@top{k},0.033112582781456956
86,train,p@top{k},0.04085257548845471
86,valid,p@top{k},0.039735099337748346
87,train,p@top{k},0.07460035523978685
87,valid,p@top{k},0.033112582781456956
88,train,p@top{k},0.0674955595026643
88,valid,p@top{k},0.046357615894039736
89,train,p@top{k},0.06039076376554174
89,valid,p@top{k},0.046357615894039736
90,train,p@top{k},0.07992895204262877
90,valid,p@top{k},0.033112582781456956
91,train,p@top{k},0.08348134991119005
91,valid,p@top{k},0.039735099337748346
92,train,p@top{k},0.05328596802841918
92,valid,p@top{k},0.033112582781456956
93,train,p@top{k},0.06039076376554174
93,valid,p@top{k},0.033112582781456956
94,train,p@top{k},0.06571936056838366
94,valid,p@top{k},0.052980132450331126
95,train,p@top{k},0.056838365896980464
95,valid,p@top{k},0.039735099337748346
96,train,p@top{k},0.04262877442273535
96,valid,p@top{k},0.019867549668874173
97,train,p@top{k},0.05150976909413854
97,valid,p@top{k},0.006622516556291391
98,train,p@top{k},0.056838365896980464
98,valid,p@top{k},0.0
99,train,p@top{k},0.017761989342806393
99,valid,p@top{k},0.006622516556291391
100,train,p@top{k},0.015985790408525755
100,valid,p@top{k},0.006622516556291391
101,train,p@top{k},0.017761989342806393
101,valid,p@top{k},0.013245033112582781
102,train,p@top{k},0.010657193605683837
102,valid,p@top{k},0.013245033112582781
103,train,p@top{k},0.014209591474245116
103,valid,p@top{k},0.006622516556291391
104,train,p@top{k},0.015985790408525755
104,valid,p@top{k},0.013245033112582781
105,train,p@top{k},0.017761989342806393
105,valid,p@top{k},0.006622516556291391
106,train,p@top{k},0.023090586145648313
106,valid,p@top{k},0.026490066225165563
107,train,p@top{k},0.014209591474245116
107,valid,p@top{k},0.006622516556291391
108,train,p@top{k},0.019538188277087035
108,valid,p@top{k},0.0
109,train,p@top{k},0.015985790408525755
109,valid,p@top{k},0.0
110,train,p@top{k},0.023090586145648313
110,valid,p@top{k},0.006622516556291391
111,train,p@top{k},0.017761989342806393
111,valid,p@top{k},0.0
112,train,p@top{k},0.0053285968028419185
112,valid,p@top{k},0.006622516556291391
113,train,p@top{k},0.012433392539964476
113,valid,p@top{k},0.006622516556291391
114,train,p@top{k},0.028419182948490232
114,valid,p@top{k},0.019867549668874173
115,train,p@top{k},0.012433392539964476
115,valid,p@top{k},0.013245033112582781
116,train,p@top{k},0.02486678507992895
116,valid,p@top{k},0.013245033112582781
117,train,p@top{k},0.0053285968028419185
117,valid,p@top{k},0.019867549668874173
118,train,p@top{k},0.021314387211367674
118,valid,p@top{k},0.013245033112582781
119,train,p@top{k},0.021314387211367674
119,valid,p@top{k},0.006622516556291391
120,train,p@top{k},0.023090586145648313
120,valid,p@top{k},0.006622516556291391
121,train,p@top{k},0.017761989342806393
121,valid,p@top{k},0.006622516556291391
122,train,p@top{k},0.021314387211367674
122,valid,p@top{k},0.013245033112582781
123,train,p@top{k},0.021314387211367674
123,valid,p@top{k},0.006622516556291391
124,train,p@top{k},0.012433392539964476
124,valid,p@top{k},0.013245033112582781
125,train,p@top{k},0.008880994671403197
125,valid,p@top{k},0.0
126,train,p@top{k},0.015985790408525755
126,valid,p@top{k},0.019867549668874173
127,train,p@top{k},0.008880994671403197
127,valid,p@top{k},0.0
128,train,p@top{k},0.015985790408525755
128,valid,p@top{k},0.0
129,train,p@top{k},0.019538188277087035
129,valid,p@top{k},0.0
130,train,p@top{k},0.019538188277087035
130,valid,p@top{k},0.013245033112582781
131,train,p@top{k},0.014209591474245116
131,valid,p@top{k},0.019867549668874173
132,train,p@top{k},0.021314387211367674
132,valid,p@top{k},0.013245033112582781
133,train,p@top{k},0.014209591474245116
133,valid,p@top{k},0.026490066225165563
134,train,p@top{k},0.012433392539964476
134,valid,p@top{k},0.013245033112582781
135,train,p@top{k},0.019538188277087035
135,valid,p@top{k},0.0
136,train,p@top{k},0.019538188277087035
136,valid,p@top{k},0.006622516556291391
137,train,p@top{k},0.014209591474245116
137,valid,p@top{k},0.013245033112582781
138,train,p@top{k},0.017761989342806393
138,valid,p@top{k},0.006622516556291391
139,train,p@top{k},0.023090586145648313
139,valid,p@top{k},0.013245033112582781
140,train,p@top{k},0.023090586145648313
140,valid,p@top{k},0.013245033112582781
141,train,p@top{k},0.014209591474245116
141,valid,p@top{k},0.006622516556291391
142,train,p@top{k},0.008880994671403197
142,valid,p@top{k},0.006622516556291391
143,train,p@top{k},0.003552397868561279
143,valid,p@top{k},0.0
144,train,p@top{k},0.021314387211367674
144,valid,p@top{k},0.006622516556291391
145,train,p@top{k},0.017761989342806393
145,valid,p@top{k},0.013245033112582781
146,train,p@top{k},0.008880994671403197
146,valid,p@top{k},0.0
147,train,p@top{k},0.012433392539964476
147,valid,p@top{k},0.0
148,train,p@top{k},0.0053285968028419185
148,valid,p@top{k},0.019867549668874173
149,train,p@top{k},0.015985790408525755
149,valid,p@top{k},0.013245033112582781
150,train,p@top{k},0.008880994671403197
150,valid,p@top{k},0.006622516556291391
151,train,p@top{k},0.012433392539964476
151,valid,p@top{k},0.0
152,train,p@top{k},0.0017761989342806395
152,valid,p@top{k},0.006622516556291391
153,train,p@top{k},0.019538188277087035
153,valid,p@top{k},0.0
154,train,p@top{k},0.019538188277087035
154,valid,p@top{k},0.013245033112582781
155,train,p@top{k},0.015985790408525755
155,valid,p@top{k},0.006622516556291391
156,train,p@top{k},0.012433392539964476
156,valid,p@top{k},0.0
157,train,p@top{k},0.012433392539964476
157,valid,p@top{k},0.006622516556291391
158,train,p@top{k},0.008880994671403197
158,valid,p@top{k},0.006622516556291391
159,train,p@top{k},0.007104795737122558
159,valid,p@top{k},0.0
160,train,p@top{k},0.017761989342806393
160,valid,p@top{k},0.0
161,train,p@top{k},0.015985790408525755
161,valid,p@top{k},0.013245033112582781
162,train,p@top{k},0.012433392539964476
162,valid,p@top{k},0.013245033112582781
163,train,p@top{k},0.017761989342806393
163,valid,p@top{k},0.013245033112582781
164,train,p@top{k},0.008880994671403197
164,valid,p@top{k},0.019867549668874173
165,train,p@top{k},0.008880994671403197
165,valid,p@top{k},0.019867549668874173
166,train,p@top{k},0.014209591474245116
166,valid,p@top{k},0.006622516556291391
167,train,p@top{k},0.008880994671403197
167,valid,p@top{k},0.006622516556291391
168,train,p@top{k},0.015985790408525755
168,valid,p@top{k},0.013245033112582781
169,train,p@top{k},0.021314387211367674
169,valid,p@top{k},0.013245033112582781
170,train,p@top{k},0.014209591474245116
170,valid,p@top{k},0.013245033112582781
171,train,p@top{k},0.007104795737122558
171,valid,p@top{k},0.019867549668874173
172,train,p@top{k},0.008880994671403197
172,valid,p@top{k},0.013245033112582781
173,train,p@top{k},0.010657193605683837
173,valid,p@top{k},0.013245033112582781
174,train,p@top{k},0.015985790408525755
174,valid,p@top{k},0.019867549668874173
175,train,p@top{k},0.007104795737122558
175,valid,p@top{k},0.013245033112582781
176,train,p@top{k},0.007104795737122558
176,valid,p@top{k},0.019867549668874173
177,train,p@top{k},0.0017761989342806395
177,valid,p@top{k},0.019867549668874173
178,train,p@top{k},0.0053285968028419185
178,valid,p@top{k},0.0
179,train,p@top{k},0.0053285968028419185
179,valid,p@top{k},0.006622516556291391
180,train,p@top{k},0.007104795737122558
180,valid,p@top{k},0.019867549668874173
181,train,p@top{k},0.003552397868561279
181,valid,p@top{k},0.019867549668874173
182,train,p@top{k},0.014209591474245116
182,valid,p@top{k},0.019867549668874173
183,train,p@top{k},0.0053285968028419185
183,valid,p@top{k},0.019867549668874173
184,train,p@top{k},0.008880994671403197
184,valid,p@top{k},0.013245033112582781
185,train,p@top{k},0.008880994671403197
185,valid,p@top{k},0.013245033112582781
186,train,p@top{k},0.003552397868561279
186,valid,p@top{k},0.013245033112582781
187,train,p@top{k},0.008880994671403197
187,valid,p@top{k},0.019867549668874173
188,train,p@top{k},0.0053285968028419185
188,valid,p@top{k},0.019867549668874173
189,train,p@top{k},0.003552397868561279
189,valid,p@top{k},0.019867549668874173
190,train,p@top{k},0.010657193605683837
190,valid,p@top{k},0.013245033112582781
191,train,p@top{k},0.017761989342806393
191,valid,p@top{k},0.013245033112582781
192,train,p@top{k},0.007104795737122558
192,valid,p@top{k},0.019867549668874173
193,train,p@top{k},0.010657193605683837
193,valid,p@top{k},0.013245033112582781
194,train,p@top{k},0.012433392539964476
194,valid,p@top{k},0.019867549668874173
195,train,p@top{k},0.008880994671403197
195,valid,p@top{k},0.019867549668874173
196,train,p@top{k},0.008880994671403197
196,valid,p@top{k},0.013245033112582781
197,train,p@top{k},0.010657193605683837
197,valid,p@top{k},0.006622516556291391
198,train,p@top{k},0.008880994671403197
198,valid,p@top{k},0.013245033112582781
199,train,p@top{k},0.008880994671403197
199,valid,p@top{k},0.013245033112582781
0,train,enrichment@top{k},0.5257421974118245
0,valid,enrichment@top{k},0.8147461368653421
1,train,enrichment@top{k},1.4146096362792635
1,valid,enrichment@top{k},0.8147461368653421
2,train,enrichment@top{k},0.174623742912587
2,valid,enrichment@top{k},0.0
3,train,enrichment@top{k},0.34987003036318676
3,valid,enrichment@top{k},0.0
4,train,enrichment@top{k},0.879377630079515
4,valid,enrichment@top{k},0.0
5,train,enrichment@top{k},0.5257421974118245
5,valid,enrichment@top{k},0.0
6,train,enrichment@top{k},2.1373185520916276
6,valid,enrichment@top{k},0.8147461368653421
7,train,enrichment@top{k},1.7746572064534156
7,valid,enrichment@top{k},2.477268659387865
8,train,enrichment@top{k},2.1373185520916276
8,valid,enrichment@top{k},3.3254944361850702
9,train,enrichment@top{k},3.241272996887578
9,valid,enrichment@top{k},3.3254944361850702
10,train,enrichment@top{k},6.1105130868996955
10,valid,enrichment@top{k},3.3254944361850702
11,train,enrichment@top{k},3.241272996887578
11,valid,enrichment@top{k},5.0570449874400545
12,train,enrichment@top{k},4.36980527718919
12,valid,enrichment@top{k},6.8370305191497245
13,train,enrichment@top{k},5.329621277133601
13,valid,enrichment@top{k},2.477268659387865
14,train,enrichment@top{k},4.751586836943615
14,valid,enrichment@top{k},2.477268659387865
15,train,enrichment@top{k},5.718599340268967
15,valid,enrichment@top{k},5.0570449874400545
16,train,enrichment@top{k},6.1105130868996955
16,valid,enrichment@top{k},5.940857247976453
17,train,enrichment@top{k},6.307581246831214
17,valid,enrichment@top{k},6.8370305191497245
18,train,enrichment@top{k},6.505395877065504
18,valid,enrichment@top{k},7.745825949071914
19,train,enrichment@top{k},8.525549147218774
19,valid,enrichment@top{k},1.640428463487266
20,train,enrichment@top{k},5.718599340268967
20,valid,enrichment@top{k},3.3254944361850702
21,train,enrichment@top{k},6.505395877065504
21,valid,enrichment@top{k},0.0
22,train,enrichment@top{k},4.36980527718919
22,valid,enrichment@top{k},1.640428463487266
23,train,enrichment@top{k},5.718599340268967
23,valid,enrichment@top{k},0.0
24,train,enrichment@top{k},4.179975001644629
24,valid,enrichment@top{k},5.0570449874400545
25,train,enrichment@top{k},8.320030664243644
25,valid,enrichment@top{k},3.3254944361850702
26,train,enrichment@top{k},8.731862672681237
26,valid,enrichment@top{k},5.0570449874400545
27,train,enrichment@top{k},8.938975862971072
27,valid,enrichment@top{k},5.0570449874400545
28,train,enrichment@top{k},5.136222838266296
28,valid,enrichment@top{k},4.185339744171278
29,train,enrichment@top{k},6.7039612269591276
29,valid,enrichment@top{k},4.185339744171278
30,train,enrichment@top{k},5.136222838266296
30,valid,enrichment@top{k},5.940857247976453
31,train,enrichment@top{k},7.304204574729164
31,valid,enrichment@top{k},5.940857247976453
32,train,enrichment@top{k},9.986701101521414
32,valid,enrichment@top{k},6.8370305191497245
33,train,enrichment@top{k},6.307581246831214
33,valid,enrichment@top{k},5.0570449874400545
34,train,enrichment@top{k},7.505815947753261
34,valid,enrichment@top{k},4.185339744171278
35,train,enrichment@top{k},5.329621277133601
35,valid,enrichment@top{k},3.3254944361850702
36,train,enrichment@top{k},5.136222838266296
36,valid,enrichment@top{k},5.0570449874400545
37,train,enrichment@top{k},6.307581246831214
37,valid,enrichment@top{k},0.8147461368653421
38,train,enrichment@top{k},5.718599340268967
38,valid,enrichment@top{k},3.3254944361850702
39,train,enrichment@top{k},4.751586836943615
39,valid,enrichment@top{k},5.0570449874400545
40,train,enrichment@top{k},5.329621277133601
40,valid,enrichment@top{k},5.940857247976453
41,train,enrichment@top{k},5.523745413707724
41,valid,enrichment@top{k},0.0
42,train,enrichment@top{k},4.36980527718919
42,valid,enrichment@top{k},1.640428463487266
43,train,enrichment@top{k},5.914187179924603
43,valid,enrichment@top{k},0.0
44,train,enrichment@top{k},5.523745413707724
44,valid,enrichment@top{k},3.3254944361850702
45,train,enrichment@top{k},6.307581246831214
45,valid,enrichment@top{k},4.185339744171278
46,train,enrichment@top{k},6.1105130868996955
46,valid,enrichment@top{k},0.0
47,train,enrichment@top{k},4.179975001644629
47,valid,enrichment@top{k},5.0570449874400545
48,train,enrichment@top{k},5.914187179924603
48,valid,enrichment@top{k},2.477268659387865
49,train,enrichment@top{k},4.751586836943615
49,valid,enrichment@top{k},3.3254944361850702
50,train,enrichment@top{k},4.751586836943615
50,valid,enrichment@top{k},4.185339744171278
51,train,enrichment@top{k},6.505395877065504
51,valid,enrichment@top{k},5.0570449874400545
52,train,enrichment@top{k},6.903281578183146
52,valid,enrichment@top{k},4.185339744171278
53,train,enrichment@top{k},4.943546035364916
53,valid,enrichment@top{k},4.185339744171278
54,train,enrichment@top{k},3.8024158927202056
54,valid,enrichment@top{k},3.3254944361850702
55,train,enrichment@top{k},7.505815947753261
55,valid,enrichment@top{k},3.3254944361850702
56,train,enrichment@top{k},5.914187179924603
56,valid,enrichment@top{k},5.0570449874400545
57,train,enrichment@top{k},5.329621277133601
57,valid,enrichment@top{k},4.185339744171278
58,train,enrichment@top{k},5.718599340268967
58,valid,enrichment@top{k},5.940857247976453
59,train,enrichment@top{k},5.523745413707724
59,valid,enrichment@top{k},3.3254944361850702
60,train,enrichment@top{k},4.179975001644629
60,valid,enrichment@top{k},2.477268659387865
61,train,enrichment@top{k},6.1105130868996955
61,valid,enrichment@top{k},1.640428463487266
62,train,enrichment@top{k},5.136222838266296
62,valid,enrichment@top{k},2.477268659387865
63,train,enrichment@top{k},6.903281578183146
63,valid,enrichment@top{k},1.640428463487266
64,train,enrichment@top{k},6.7039612269591276
64,valid,enrichment@top{k},2.477268659387865
65,train,enrichment@top{k},7.708199778145268
65,valid,enrichment@top{k},2.477268659387865
66,train,enrichment@top{k},6.307581246831214
66,valid,enrichment@top{k},1.640428463487266
67,train,enrichment@top{k},6.505395877065504
67,valid,enrichment@top{k},3.3254944361850702
68,train,enrichment@top{k},7.505815947753261
68,valid,enrichment@top{k},5.0570449874400545
69,train,enrichment@top{k},4.943546035364916
69,valid,enrichment@top{k},5.940857247976453
70,train,enrichment@top{k},7.708199778145268
70,valid,enrichment@top{k},4.185339744171278
71,train,enrichment@top{k},6.903281578183146
71,valid,enrichment@top{k},3.3254944361850702
72,train,enrichment@top{k},7.304204574729164
72,valid,enrichment@top{k},3.3254944361850702
73,train,enrichment@top{k},7.708199778145268
73,valid,enrichment@top{k},2.477268659387865
74,train,enrichment@top{k},4.751586836943615
74,valid,enrichment@top{k},4.185339744171278
75,train,enrichment@top{k},5.914187179924603
75,valid,enrichment@top{k},4.185339744171278
76,train,enrichment@top{k},7.304204574729164
76,valid,enrichment@top{k},3.3254944361850702
77,train,enrichment@top{k},5.329621277133601
77,valid,enrichment@top{k},3.3254944361850702
78,train,enrichment@top{k},5.914187179924603
78,valid,enrichment@top{k},4.185339744171278
79,train,enrichment@top{k},6.307581246831214
79,valid,enrichment@top{k},5.0570449874400545
80,train,enrichment@top{k},5.523745413707724
80,valid,enrichment@top{k},3.3254944361850702
81,train,enrichment@top{k},7.103361245030872
81,valid,enrichment@top{k},5.940857247976453
82,train,enrichment@top{k},6.7039612269591276
82,valid,enrichment@top{k},5.940857247976453
83,train,enrichment@top{k},4.943546035364916
83,valid,enrichment@top{k},3.3254944361850702
84,train,enrichment@top{k},3.614679319221874
84,valid,enrichment@top{k},3.3254944361850702
85,train,enrichment@top{k},7.103361245030872
85,valid,enrichment@top{k},4.185339744171278
86,train,enrichment@top{k},4.179975001644629
86,valid,enrichment@top{k},5.0570449874400545
87,train,enrichment@top{k},7.911360513836282
87,valid,enrichment@top{k},4.185339744171278
88,train,enrichment@top{k},7.103361245030872
88,valid,enrichment@top{k},5.940857247976453
89,train,enrichment@top{k},6.307581246831214
89,valid,enrichment@top{k},5.940857247976453
90,train,enrichment@top{k},8.525549147218774
90,valid,enrichment@top{k},4.185339744171278
91,train,enrichment@top{k},8.938975862971072
91,valid,enrichment@top{k},5.0570449874400545
92,train,enrichment@top{k},5.523745413707724
92,valid,enrichment@top{k},4.185339744171278
93,train,enrichment@top{k},6.307581246831214
93,valid,enrichment@top{k},4.185339744171278
94,train,enrichment@top{k},6.903281578183146
94,valid,enrichment@top{k},6.8370305191497245
95,train,enrichment@top{k},5.914187179924603
95,valid,enrichment@top{k},5.0570449874400545
96,train,enrichment@top{k},4.36980527718919
96,valid,enrichment@top{k},2.477268659387865
97,train,enrichment@top{k},5.329621277133601
97,valid,enrichment@top{k},0.8147461368653421
98,train,enrichment@top{k},5.914187179924603
98,valid,enrichment@top{k},0.0
99,train,enrichment@top{k},1.7746572064534156
99,valid,enrichment@top{k},0.8147461368653421
100,train,enrichment@top{k},1.5943084686856768
100,valid,enrichment@top{k},0.8147461368653421
101,train,enrichment@top{k},1.7746572064534156
101,valid,enrichment@top{k},1.640428463487266
102,train,enrichment@top{k},1.0571476859986415
102,valid,enrichment@top{k},1.640428463487266
103,train,enrichment@top{k},1.4146096362792635
103,valid,enrichment@top{k},0.8147461368653421
104,train,enrichment@top{k},1.5943084686856768
104,valid,enrichment@top{k},1.640428463487266
105,train,enrichment@top{k},1.7746572064534156
105,valid,enrichment@top{k},0.8147461368653421
106,train,enrichment@top{k},2.3196383013079283
106,valid,enrichment@top{k},3.3254944361850702
107,train,enrichment@top{k},1.4146096362792635
107,valid,enrichment@top{k},0.8147461368653421
108,train,enrichment@top{k},1.955659381676835
108,valid,enrichment@top{k},0.0
109,train,enrichment@top{k},1.5943084686856768
109,valid,enrichment@top{k},0.0
110,train,enrichment@top{k},2.3196383013079283
110,valid,enrichment@top{k},0.8147461368653421
111,train,enrichment@top{k},1.7746572064534156
111,valid,enrichment@top{k},0.0
112,train,enrichment@top{k},0.5257421974118245
112,valid,enrichment@top{k},0.8147461368653421
113,train,enrichment@top{k},1.2355572025505706
113,valid,enrichment@top{k},0.8147461368653421
114,train,enrichment@top{k},2.8705972509506075
114,valid,enrichment@top{k},2.477268659387865
115,train,enrichment@top{k},1.2355572025505706
115,valid,enrichment@top{k},1.640428463487266
116,train,enrichment@top{k},2.5026222390459645
116,valid,enrichment@top{k},1.640428463487266
117,train,enrichment@top{k},0.5257421974118245
117,valid,enrichment@top{k},2.477268659387865
118,train,enrichment@top{k},2.1373185520916276
118,valid,enrichment@top{k},1.640428463487266
119,train,enrichment@top{k},2.1373185520916276
119,valid,enrichment@top{k},0.8147461368653421
120,train,enrichment@top{k},2.3196383013079283
120,valid,enrichment@top{k},0.8147461368653421
121,train,enrichment@top{k},1.7746572064534156
121,valid,enrichment@top{k},0.8147461368653421
122,train,enrichment@top{k},2.1373185520916276
122,valid,enrichment@top{k},1.640428463487266
123,train,enrichment@top{k},2.1373185520916276
123,valid,enrichment@top{k},0.8147461368653421
124,train,enrichment@top{k},1.2355572025505706
124,valid,enrichment@top{k},1.640428463487266
125,train,enrichment@top{k},0.879377630079515
125,valid,enrichment@top{k},0.0
126,train,enrichment@top{k},1.5943084686856768
126,valid,enrichment@top{k},2.477268659387865
127,train,enrichment@top{k},0.879377630079515
127,valid,enrichment@top{k},0.0
128,train,enrichment@top{k},1.5943084686856768
128,valid,enrichment@top{k},0.0
129,train,enrichment@top{k},1.955659381676835
129,valid,enrichment@top{k},0.0
130,train,enrichment@top{k},1.955659381676835
130,valid,enrichment@top{k},1.640428463487266
131,train,enrichment@top{k},1.4146096362792635
131,valid,enrichment@top{k},2.477268659387865
132,train,enrichment@top{k},2.1373185520916276
132,valid,enrichment@top{k},1.640428463487266
133,train,enrichment@top{k},1.4146096362792635
133,valid,enrichment@top{k},3.3254944361850702
134,train,enrichment@top{k},1.2355572025505706
134,valid,enrichment@top{k},1.640428463487266
135,train,enrichment@top{k},1.955659381676835
135,valid,enrichment@top{k},0.0
136,train,enrichment@top{k},1.955659381676835
136,valid,enrichment@top{k},0.8147461368653421
137,train,enrichment@top{k},1.4146096362792635
137,valid,enrichment@top{k},1.640428463487266
138,train,enrichment@top{k},1.7746572064534156
138,valid,enrichment@top{k},0.8147461368653421
139,train,enrichment@top{k},2.3196383013079283
139,valid,enrichment@top{k},1.640428463487266
140,train,enrichment@top{k},2.3196383013079283
140,valid,enrichment@top{k},1.640428463487266
141,train,enrichment@top{k},1.4146096362792635
141,valid,enrichment@top{k},0.8147461368653421
142,train,enrichment@top{k},0.879377630079515
142,valid,enrichment@top{k},0.8147461368653421
143,train,enrichment@top{k},0.34987003036318676
143,valid,enrichment@top{k},0.0
144,train,enrichment@top{k},2.1373185520916276
144,valid,enrichment@top{k},0.8147461368653421
145,train,enrichment@top{k},1.7746572064534156
145,valid,enrichment@top{k},1.640428463487266
146,train,enrichment@top{k},0.879377630079515
146,valid,enrichment@top{k},0.0
147,train,enrichment@top{k},1.2355572025505706
147,valid,enrichment@top{k},0.0
148,train,enrichment@top{k},0.5257421974118245
148,valid,enrichment@top{k},2.477268659387865
149,train,enrichment@top{k},1.5943084686856768
149,valid,enrichment@top{k},1.640428463487266
150,train,enrichment@top{k},0.879377630079515
150,valid,enrichment@top{k},0.8147461368653421
151,train,enrichment@top{k},1.2355572025505706
151,valid,enrichment@top{k},0.0
152,train,enrichment@top{k},0.174623742912587
152,valid,enrichment@top{k},0.8147461368653421
153,train,enrichment@top{k},1.955659381676835
153,valid,enrichment@top{k},0.0
154,train,enrichment@top{k},1.955659381676835
154,valid,enrichment@top{k},1.640428463487266
155,train,enrichment@top{k},1.5943084686856768
155,valid,enrichment@top{k},0.8147461368653421
156,train,enrichment@top{k},1.2355572025505706
156,valid,enrichment@top{k},0.0
157,train,enrichment@top{k},1.2355572025505706
157,valid,enrichment@top{k},0.8147461368653421
158,train,enrichment@top{k},0.879377630079515
158,valid,enrichment@top{k},0.8147461368653421
159,train,enrichment@top{k},0.7022436029829975
159,valid,enrichment@top{k},0.0
160,train,enrichment@top{k},1.7746572064534156
160,valid,enrichment@top{k},0.0
161,train,enrichment@top{k},1.5943084686856768
161,valid,enrichment@top{k},1.640428463487266
162,train,enrichment@top{k},1.2355572025505706
162,valid,enrichment@top{k},1.640428463487266
163,train,enrichment@top{k},1.7746572064534156
163,valid,enrichment@top{k},1.640428463487266
164,train,enrichment@top{k},0.879377630079515
164,valid,enrichment@top{k},2.477268659387865
165,train,enrichment@top{k},0.879377630079515
165,valid,enrichment@top{k},2.477268659387865
166,train,enrichment@top{k},1.4146096362792635
166,valid,enrichment@top{k},0.8147461368653421
167,train,enrichment@top{k},0.879377630079515
167,valid,enrichment@top{k},0.8147461368653421
168,train,enrichment@top{k},1.5943084686856768
168,valid,enrichment@top{k},1.640428463487266
169,train,enrichment@top{k},2.1373185520916276
169,valid,enrichment@top{k},1.640428463487266
170,train,enrichment@top{k},1.4146096362792635
170,valid,enrichment@top{k},1.640428463487266
171,train,enrichment@top{k},0.7022436029829975
171,valid,enrichment@top{k},2.477268659387865
172,train,enrichment@top{k},0.879377630079515
172,valid,enrichment@top{k},1.640428463487266
173,train,enrichment@top{k},1.0571476859986415
173,valid,enrichment@top{k},1.640428463487266
174,train,enrichment@top{k},1.5943084686856768
174,valid,enrichment@top{k},2.477268659387865
175,train,enrichment@top{k},0.7022436029829975
175,valid,enrichment@top{k},1.640428463487266
176,train,enrichment@top{k},0.7022436029829975
176,valid,enrichment@top{k},2.477268659387865
177,train,enrichment@top{k},0.174623742912587
177,valid,enrichment@top{k},2.477268659387865
178,train,enrichment@top{k},0.5257421974118245
178,valid,enrichment@top{k},0.0
179,train,enrichment@top{k},0.5257421974118245
179,valid,enrichment@top{k},0.8147461368653421
180,train,enrichment@top{k},0.7022436029829975
180,valid,enrichment@top{k},2.477268659387865
181,train,enrichment@top{k},0.34987003036318676
181,valid,enrichment@top{k},2.477268659387865
182,train,enrichment@top{k},1.4146096362792635
182,valid,enrichment@top{k},2.477268659387865
183,train,enrichment@top{k},0.5257421974118245
183,valid,enrichment@top{k},2.477268659387865
184,train,enrichment@top{k},0.879377630079515
184,valid,enrichment@top{k},1.640428463487266
185,train,enrichment@top{k},0.879377630079515
185,valid,enrichment@top{k},1.640428463487266
186,train,enrichment@top{k},0.34987003036318676
186,valid,enrichment@top{k},1.640428463487266
187,train,enrichment@top{k},0.879377630079515
187,valid,enrichment@top{k},2.477268659387865
188,train,enrichment@top{k},0.5257421974118245
188,valid,enrichment@top{k},2.477268659387865
189,train,enrichment@top{k},0.34987003036318676
189,valid,enrichment@top{k},2.477268659387865
190,train,enrichment@top{k},1.0571476859986415
190,valid,enrichment@top{k},1.640428463487266
191,train,enrichment@top{k},1.7746572064534156
191,valid,enrichment@top{k},1.640428463487266
192,train,enrichment@top{k},0.7022436029829975
192,valid,enrichment@top{k},2.477268659387865
193,train,enrichment@top{k},1.0571476859986415
193,valid,enrichment@top{k},1.640428463487266
194,train,enrichment@top{k},1.2355572025505706
194,valid,enrichment@top{k},2.477268659387865
195,train,enrichment@top{k},0.879377630079515
195,valid,enrichment@top{k},2.477268659387865
196,train,enrichment@top{k},0.879377630079515
196,valid,enrichment@top{k},1.640428463487266
197,train,enrichment@top{k},1.0571476859986415
197,valid,enrichment@top{k},0.8147461368653421
198,train,enrichment@top{k},0.879377630079515
198,valid,enrichment@top{k},1.640428463487266
199,train,enrichment@top{k},0.879377630079515
199,valid,enrichment@top{k},1.640428463487266
0,train,loss,0.07105933966284449
0,valid,loss,0.04591141611729797
1,train,loss,0.05692148218778047
1,valid,loss,0.045454473822916806
2,train,loss,0.056898894127119674
2,valid,loss,0.04547260064435633
3,train,loss,0.05688771063631231
3,valid,loss,0.045610391681915836
4,train,loss,0.05711164935068651
4,valid,loss,0.045830925338362395
5,train,loss,0.05664289234714075
5,valid,loss,0.04548008962975521
6,train,loss,0.056607939302921295
6,valid,loss,0.04591899063732279
7,train,loss,0.05616042613983154
7,valid,loss,0.04569911371034227
8,train,loss,0.055905598503622145
8,valid,loss,0.04598462611044708
9,train,loss,0.05597278834743933
9,valid,loss,0.04545147339568326
10,train,loss,0.05499988785860213
10,valid,loss,0.047188077416074906
11,train,loss,0.0554153131490404
11,valid,loss,0.04671590951712508
12,train,loss,0.0548808885907585
12,valid,loss,0.045976277636854274
13,train,loss,0.054405586556954814
13,valid,loss,0.046935641427377335
14,train,loss,0.05422875342721289
14,valid,loss,0.0475601761136204
15,train,loss,0.05473087880421768
15,valid,loss,0.04827882780840522
16,train,loss,0.05441047823564573
16,valid,loss,0.046938703174849876
17,train,loss,0.05406842909075997
17,valid,loss,0.045968768480969105
18,train,loss,0.05361187769608064
18,valid,loss,0.04617418846311538
19,train,loss,0.053745747899467296
19,valid,loss,0.04739289591088891
20,train,loss,0.054239147021011874
20,valid,loss,0.04617854501856001
21,train,loss,0.054242499375885184
21,valid,loss,0.04694042862147877
22,train,loss,0.053998176956718616
22,valid,loss,0.04643063082996952
23,train,loss,0.053881957111033524
23,valid,loss,0.04698529466986656
24,train,loss,0.05384209464219483
24,valid,loss,0.04681940175788967
25,train,loss,0.05352212776514617
25,valid,loss,0.04738204318441843
26,train,loss,0.05308000062676993
26,valid,loss,0.04791174039832855
27,train,loss,0.05352359268475663
27,valid,loss,0.04698115430380169
28,train,loss,0.05334883843633262
28,valid,loss,0.047761421957004224
29,train,loss,0.05282456590370698
29,valid,loss,0.05027242215644372
30,train,loss,0.053079912438988686
30,valid,loss,0.04698587436915228
31,train,loss,0.0527445337311788
31,valid,loss,0.0471178556939489
32,train,loss,0.052528392252596944
32,valid,loss,0.04654272376118522
33,train,loss,0.05326196524229917
33,valid,loss,0.04579659384724341
34,train,loss,0.054224441776221446
34,valid,loss,0.04600773918393411
35,train,loss,0.05431258851154284
35,valid,loss,0.04594466712717947
36,train,loss,0.05388430336659605
36,valid,loss,0.046989877879815664
37,train,loss,0.05357932062311606
37,valid,loss,0.04742277729766149
38,train,loss,0.05420187813314525
38,valid,loss,0.047340604084494864
39,train,loss,0.05352130694822831
39,valid,loss,0.047213320693883454
40,train,loss,0.05316961153664372
40,valid,loss,0.046549783063758364
41,train,loss,0.05288309813900428
41,valid,loss,0.04756907535422789
42,train,loss,0.05294855081222274
42,valid,loss,0.04856397637999371
43,train,loss,0.05331920886581594
43,valid,loss,0.04681171290576458
44,train,loss,0.05280361209403385
44,valid,loss,0.04727485283326946
45,train,loss,0.052252288501371036
45,valid,loss,0.047821530753648596
46,train,loss,0.052575273236090486
46,valid,loss,0.047878365216188525
47,train,loss,0.05255064422434026
47,valid,loss,0.04644454677442187
48,train,loss,0.052110784670168706
48,valid,loss,0.04889521326281523
49,train,loss,0.05217921923507344
49,valid,loss,0.0475642222690543
50,train,loss,0.052836844900792296
50,valid,loss,0.045685365992157084
51,train,loss,0.053023722971027545
51,valid,loss,0.04701093420092212
52,train,loss,0.0529473295265978
52,valid,loss,0.04683542869200832
53,train,loss,0.05255099589174444
53,valid,loss,0.04764155450424081
54,train,loss,0.053074277598749504
54,valid,loss,0.04762941638105794
55,train,loss,0.05208197821947661
55,valid,loss,0.04757936764508486
56,train,loss,0.05250124430114573
56,valid,loss,0.04722185864260322
57,train,loss,0.053249883313070644
57,valid,loss,0.04792895312666109
58,train,loss,0.05257295278662985
58,valid,loss,0.0485627074529858
59,train,loss,0.053152299028905954
59,valid,loss,0.04809226806422597
60,train,loss,0.05315381728790023
60,valid,loss,0.048701233818734944
61,train,loss,0.05238652564585209
61,valid,loss,0.04762820250011588
62,train,loss,0.05203164311295206
62,valid,loss,0.04887599439213151
63,train,loss,0.05207903256470507
63,valid,loss,0.04778468650520632
64,train,loss,0.05171452056277882
64,valid,loss,0.04942386359662602
65,train,loss,0.05163197828964754
65,valid,loss,0.048472604861384945
66,train,loss,0.05155911625108935
66,valid,loss,0.049120344491185325
67,train,loss,0.05207894044843587
67,valid,loss,0.04900100851725591
68,train,loss,0.051472431455146184
68,valid,loss,0.04915495569768705
69,train,loss,0.051329170099713585
69,valid,loss,0.04957188558029501
70,train,loss,0.051485586267980665
70,valid,loss,0.0496518932050094
71,train,loss,0.051737695627591826
71,valid,loss,0.049253689737892466
72,train,loss,0.05279334607449445
72,valid,loss,0.04836839148284573
73,train,loss,0.05201877321709286
73,valid,loss,0.04777684261238104
74,train,loss,0.05179342857816003
74,valid,loss,0.04747866057349663
75,train,loss,0.051890154792503876
75,valid,loss,0.05022434380493666
76,train,loss,0.05149730542166667
76,valid,loss,0.04982289301819707
77,train,loss,0.052335647629065944
77,valid,loss,0.04757839446201136
78,train,loss,0.05198798914524642
78,valid,loss,0.048178867485962416
79,train,loss,0.05195675075731494
79,valid,loss,0.0479993431975967
80,train,loss,0.052895173599774185
80,valid,loss,0.04781555786336723
81,train,loss,0.05187211192466996
81,valid,loss,0.04853622948652819
82,train,loss,0.051970035582780835
82,valid,loss,0.050548492685744635
83,train,loss,0.05218907418576154
83,valid,loss,0.0489607811170189
84,train,loss,0.051723530143499376
84,valid,loss,0.04909759215814503
85,train,loss,0.05209489844062112
85,valid,loss,0.048017461514590604
86,train,loss,0.052372209863229234
86,valid,loss,0.0476835750435528
87,train,loss,0.0513972167941657
87,valid,loss,0.04892038681397313
88,train,loss,0.051837891374122015
88,valid,loss,0.048713548697139085
89,train,loss,0.05210011188279499
89,valid,loss,0.047662762238791116
90,train,loss,0.05132861797782508
90,valid,loss,0.05021652047473349
91,train,loss,0.051849489591338414
91,valid,loss,0.049512695815218125
92,train,loss,0.051794555512341585
92,valid,loss,0.048986850894595445
93,train,loss,0.0522273524241014
93,valid,loss,0.0487584260929572
94,train,loss,0.052533719112927264
94,valid,loss,0.047921041026711464
95,train,loss,0.051881421966986224
95,valid,loss,0.048718740526390705
96,train,loss,0.05257888659834862
96,valid,loss,0.04953758340132864
97,train,loss,0.05304541029036045
97,valid,loss,0.04947671009913871
98,train,loss,0.05431619181551717
98,valid,loss,0.046962723209473645
99,train,loss,0.05504225136881525
99,valid,loss,0.047591570862814
100,train,loss,0.05524023561315103
100,valid,loss,0.046689596370254695
101,train,loss,0.055579446594823494
101,valid,loss,0.0477186211041714
102,train,loss,0.05548309003087607
102,valid,loss,0.04700552667246053
103,train,loss,0.054668141461231494
103,valid,loss,0.04752735036278242
104,train,loss,0.054836723106828605
104,valid,loss,0.0479741488387318
105,train,loss,0.05490944365208799
105,valid,loss,0.04716534790043768
106,train,loss,0.055506269295107234
106,valid,loss,0.046236083940847925
107,train,loss,0.05562725534493273
107,valid,loss,0.046943954192101955
108,train,loss,0.05577334209599278
108,valid,loss,0.04608042447484637
109,train,loss,0.05565437017516656
109,valid,loss,0.04605652031635767
110,train,loss,0.05575739968229424
110,valid,loss,0.04610682568071704
111,train,loss,0.056267198649319734
111,valid,loss,0.04587660872034336
112,train,loss,0.05581873590973291
112,valid,loss,0.0461948085331211
113,train,loss,0.055679685216058386
113,valid,loss,0.04731680139114982
114,train,loss,0.05553138381378217
114,valid,loss,0.04634407400398662
115,train,loss,0.05568137541413307
115,valid,loss,0.04583229742159969
116,train,loss,0.05595184686509046
116,valid,loss,0.04595469222649148
117,train,loss,0.056867563385855066
117,valid,loss,0.046006774505306235
118,train,loss,0.05589864951643077
118,valid,loss,0.045860821895889546
119,train,loss,0.055859795178879394
119,valid,loss,0.04586335751963289
120,train,loss,0.05617480840195309
120,valid,loss,0.045781976053197136
121,train,loss,0.05592485165054148
121,valid,loss,0.046018950003934536
122,train,loss,0.05592556924305179
122,valid,loss,0.045539064994572026
123,train,loss,0.05614824240857905
123,valid,loss,0.04537908777006363
124,train,loss,0.0559840912507339
124,valid,loss,0.045779965940470756
125,train,loss,0.056323020058599384
125,valid,loss,0.04544053486499347
126,train,loss,0.05622183714400638
126,valid,loss,0.04551842490113095
127,train,loss,0.056083384427157316
127,valid,loss,0.04550080991497165
128,train,loss,0.056421350924806164
128,valid,loss,0.045494363692245986
129,train,loss,0.05623134059662169
129,valid,loss,0.045740283290414435
130,train,loss,0.0561164802448316
130,valid,loss,0.04544805897105681
131,train,loss,0.056236292963678186
131,valid,loss,0.045608781768303165
132,train,loss,0.056119763512503015
132,valid,loss,0.04571745000583561
133,train,loss,0.05624688193202019
133,valid,loss,0.04601813504766477
134,train,loss,0.0561359433287924
134,valid,loss,0.045945381182000825
135,train,loss,0.05622166429053654
135,valid,loss,0.046159061946366965
136,train,loss,0.0565448848022656
136,valid,loss,0.04610898340807149
137,train,loss,0.05605232759632848
137,valid,loss,0.04628389573803073
138,train,loss,0.05602207075465809
138,valid,loss,0.045700795678912026
139,train,loss,0.056264288858933885
139,valid,loss,0.04608494148736721
140,train,loss,0.05578548210588369
140,valid,loss,0.04592320609739736
141,train,loss,0.056341008604927495
141,valid,loss,0.0456107683283718
142,train,loss,0.05659861253066496
142,valid,loss,0.045767744659985364
143,train,loss,0.05633472407406027
143,valid,loss,0.045885048733141864
144,train,loss,0.05614985386756333
144,valid,loss,0.046064170396053476
145,train,loss,0.056241544776342134
145,valid,loss,0.045987653889154136
146,train,loss,0.05654656494205648
146,valid,loss,0.04578741534466022
147,train,loss,0.056720020418817345
147,valid,loss,0.045547107822800935
148,train,loss,0.056624517928470265
148,valid,loss,0.04550379759779102
149,train,loss,0.056776894290338865
149,valid,loss,0.045658180367593705
150,train,loss,0.05655822696333582
150,valid,loss,0.04541394702698055
151,train,loss,0.05637348223138939
151,valid,loss,0.04544745456721438
152,train,loss,0.05628557110374624
152,valid,loss,0.045466575575502294
153,train,loss,0.056624970415776424
153,valid,loss,0.04564045705391388
154,train,loss,0.05649952488866719
154,valid,loss,0.045724621949423304
155,train,loss,0.05631195235658776
155,valid,loss,0.04563090604680933
156,train,loss,0.05657420165159486
156,valid,loss,0.045497717139752286
157,train,loss,0.05655655244534666
157,valid,loss,0.04549607482591742
158,train,loss,0.05663800381801345
158,valid,loss,0.04545959452853391
159,train,loss,0.05650881979275833
159,valid,loss,0.046006065891369394
160,train,loss,0.056433862786401404
160,valid,loss,0.04552524090793572
161,train,loss,0.056749409437179564
161,valid,loss,0.04548576170284497
162,train,loss,0.056316082044081256
162,valid,loss,0.04568363326650701
163,train,loss,0.056291600316762926
163,valid,loss,0.04541631697333957
164,train,loss,0.056302808259021155
164,valid,loss,0.045505511206819824
165,train,loss,0.056171700087460606
165,valid,loss,0.045640468523886646
166,train,loss,0.05623515265231783
166,valid,loss,0.04556435871085054
167,train,loss,0.05627386583523317
167,valid,loss,0.045550837867746226
168,train,loss,0.05662651834162799
168,valid,loss,0.04544371562568765
169,train,loss,0.05671237727457827
169,valid,loss,0.04568177711610731
170,train,loss,0.05637956732376055
170,valid,loss,0.045560529210457675
171,train,loss,0.05675976411862807
171,valid,loss,0.045461602607055715
172,train,loss,0.05651524212550033
172,valid,loss,0.045852266203023885
173,train,loss,0.056345787441188636
173,valid,loss,0.04567667937494422
174,train,loss,0.05650994330644608
174,valid,loss,0.04584344179908696
175,train,loss,0.05670690092850815
175,valid,loss,0.04545671059014766
176,train,loss,0.05663698579777371
176,valid,loss,0.04641675179530131
177,train,loss,0.05672735537994992
177,valid,loss,0.04571676822869401
178,train,loss,0.056526812640103424
178,valid,loss,0.0455143832307505
179,train,loss,0.056757608293132346
179,valid,loss,0.04553094530772222
180,train,loss,0.05709938325665214
180,valid,loss,0.045452891750947425
181,train,loss,0.05691872499883175
181,valid,loss,0.045539492054989465
182,train,loss,0.0562766470015049
182,valid,loss,0.04549928766822344
183,train,loss,0.0567034569314935
183,valid,loss,0.04546188322925254
184,train,loss,0.056410815769975836
184,valid,loss,0.045456176550176586
185,train,loss,0.056485930864106526
185,valid,loss,0.04584984799945041
186,train,loss,0.05639057721604
186,valid,loss,0.04551996587236461
187,train,loss,0.05645328441804105
187,valid,loss,0.04550304082467368
188,train,loss,0.05641350624236194
188,valid,loss,0.04547914722934365
189,train,loss,0.05659469603137537
189,valid,loss,0.045582212287148365
190,train,loss,0.05662225674499165
190,valid,loss,0.045733180828392506
191,train,loss,0.056642666526816106
191,valid,loss,0.045493381735133495
192,train,loss,0.05633369098332795
192,valid,loss,0.04582437870435809
193,train,loss,0.056706030836159535
193,valid,loss,0.04546463626780008
194,train,loss,0.05659423216500065
194,valid,loss,0.0455932989471445
195,train,loss,0.05648750879547813
195,valid,loss,0.04547471008998783
196,train,loss,0.05649380169131539
196,valid,loss,0.045610535767321526
197,train,loss,0.05644059364091266
197,valid,loss,0.045461756691924836
198,train,loss,0.05689751228148287
198,valid,loss,0.045464758124006424
199,train,loss,0.056617308441888205
199,valid,loss,0.04544376135852776
